{
  "name": "Activate Users flow",
  "description": "Flow which sets users ACTIVE",
  "form": "ee7e56e2-92b2-4c42-baab-f0056f625f7c",
  "blocks": [
    {
      "id": "bcd2349d-d286-4fa2-b8b9-f16672a8cf9e",
      "label": "Activate Users",
      "environment": "HOSTED",
      "presentation": "{\"w\":60,\"x\":440,\"h\":60,\"y\":190}",
      "step": "16fcdf16-2fd5-4379-b1be-284701a2bcd0",
      "stepType": "SCRIPT_STEP",
      "inputMappings": [
        {
          "inputPort": "input",
          "mapping": "${event.properties.Users}",
          "stepInput": "1b555ca2-fabb-4022-92d2-e51b26700992"
        },
        {
          "inputPort": "input",
          "mapping": "${event.properties.Separator Character}",
          "stepInput": "635650a0-2b03-4747-9d88-4594f8fbc45d"
        },
        {
          "inputPort": "input",
          "mapping": "activate",
          "stepInput": "6573a9c1-1827-4770-abc1-e9e4e3a0cfdb"
        }
      ]
    },
    {
      "id": "f56171e0-7772-4f4c-98a1-93d6518643ac",
      "label": "Activate Users kicker - Event Status Updates",
      "environment": "HOSTED",
      "presentation": "{\"w\":60,\"x\":0,\"h\":60,\"y\":40}",
      "step": "85b149a2-c4a2-4938-b926-436e843d5361",
      "stepType": "INTEGRATION"
    },
    {
      "id": "72e36dde-0acf-40c2-9d40-201bbbb24a6f",
      "label": "Create Event - Activate User report",
      "environment": "HOSTED",
      "presentation": "{\"w\":60,\"x\":660,\"h\":60,\"y\":190}",
      "step": "3cbf9097-739e-4e99-b314-17c7e56647c7",
      "stepType": "CREATE_EVENT",
      "inputMappings": [
        {
          "inputPort": "input",
          "mapping": "${bcd2349d-d286-4fa2-b8b9-f16672a8cf9e.Total Not Found}",
          "sectionItemKey": "07f53542-a565-485f-8c38-22ab1e903e25"
        },
        {
          "inputPort": "input",
          "mapping": "${bcd2349d-d286-4fa2-b8b9-f16672a8cf9e.Users}",
          "sectionItemKey": "5c6d674e-4ab5-40b4-89ca-47a92745beb9"
        },
        {
          "inputPort": "input",
          "mapping": "${bcd2349d-d286-4fa2-b8b9-f16672a8cf9e.Deactivated}",
          "sectionItemKey": "a32f032e-fbfc-48b6-8358-131c11831f9e"
        },
        {
          "inputPort": "input",
          "mapping": "${bcd2349d-d286-4fa2-b8b9-f16672a8cf9e.Not Found}",
          "sectionItemKey": "5ec71df8-4b1c-4842-9a8d-19f0d9f3eaf4"
        },
        {
          "inputPort": "input",
          "mapping": "${bcd2349d-d286-4fa2-b8b9-f16672a8cf9e.Already Inactive}",
          "sectionItemKey": "c0e743ed-acad-4e2a-b41c-a68d794b47a4"
        },
        {
          "inputPort": "input",
          "mapping": "${bcd2349d-d286-4fa2-b8b9-f16672a8cf9e.Total Already Inactive}",
          "sectionItemKey": "509c6e3b-fc59-49da-bd14-ed6228a6db7e"
        },
        {
          "inputPort": "input",
          "mapping": "${bcd2349d-d286-4fa2-b8b9-f16672a8cf9e.Total Users}",
          "sectionItemKey": "b9318976-4ed6-4afe-9224-d66e0316bc02"
        },
        {
          "inputPort": "input",
          "mapping": "Home Email,Work Email",
          "sectionItemKey": "9501cac5-e1ef-5239-a063-3481ef558451"
        },
        {
          "inputPort": "input",
          "mapping": "3",
          "sectionItemKey": "c746706b-df42-4e5a-9c8b-571e31b0224c"
        },
        {
          "inputPort": "input",
          "mapping": "${bcd2349d-d286-4fa2-b8b9-f16672a8cf9e.Total Deactivated}",
          "sectionItemKey": "65fcc620-d851-4115-8d16-e18d93e5e518"
        },
        {
          "inputPort": "input",
          "mapping": "${bcd2349d-d286-4fa2-b8b9-f16672a8cf9e.Not Processed}",
          "sectionItemKey": "20802399-9141-4acd-ac7b-cb012ef754f0"
        },
        {
          "inputPort": "input",
          "mapping": "${bcd2349d-d286-4fa2-b8b9-f16672a8cf9e.Total Not Processed}",
          "sectionItemKey": "81aafae2-e6de-4c18-b712-d013911e429f"
        }
      ]
    },
    {
      "id": "e3d35dff-d9b4-4573-b729-cb67ecccd702",
      "label": "Switch",
      "environment": "HOSTED",
      "presentation": "{\"w\":60,\"x\":220,\"h\":60,\"y\":55}",
      "stepType": "SWITCH",
      "inputMappings": [
        {
          "inputPort": "input",
          "mapping": "${event.status}"
        }
      ],
      "switchCases": [
        {
          "caseId": "d294ef28-dbeb-4ca6-903f-1d3f5050b031",
          "caseValue": "ACTIVE"
        }
      ]
    }
  ],
  "edges": [
    {
      "fromBlock": "bcd2349d-d286-4fa2-b8b9-f16672a8cf9e",
      "fromPort": "output",
      "toBlock": "72e36dde-0acf-40c2-9d40-201bbbb24a6f",
      "toPort": "input"
    },
    {
      "fromBlock": "e3d35dff-d9b4-4573-b729-cb67ecccd702",
      "fromPort": "d294ef28-dbeb-4ca6-903f-1d3f5050b031",
      "toBlock": "bcd2349d-d286-4fa2-b8b9-f16672a8cf9e",
      "toPort": "input"
    },
    {
      "fromBlock": "f56171e0-7772-4f4c-98a1-93d6518643ac",
      "fromPort": "output",
      "toBlock": "e3d35dff-d9b4-4573-b729-cb67ecccd702",
      "toPort": "input"
    }
  ]
}