{
  "name": "Deactivate Users flow",
  "description": "Flow which DEACTIVATES users",
  "form": "1ff0b1ae-7cdf-407d-a3c6-2e2c3955f5eb",
  "blocks": [
    {
      "id": "1b8e3fee-05ff-4fa0-ac47-8d0ccfbf2c81",
      "label": "Create Event - Deactived User report",
      "environment": "HOSTED",
      "presentation": "{\"w\":60,\"x\":685,\"h\":60,\"y\":189}",
      "step": "82c28d93-b8cc-483f-aca9-0328697d08c0",
      "stepType": "CREATE_EVENT",
      "inputMappings": [
        {
          "inputPort": "input",
          "mapping": "${8e618ca6-5f6b-4be5-a38d-9309557039a3.Total Users}",
          "sectionItemKey": "b9318976-4ed6-4afe-9224-d66e0316bc02"
        },
        {
          "inputPort": "input",
          "mapping": "${8e618ca6-5f6b-4be5-a38d-9309557039a3.Total Already Inactive}",
          "sectionItemKey": "509c6e3b-fc59-49da-bd14-ed6228a6db7e"
        },
        {
          "inputPort": "input",
          "mapping": "3",
          "sectionItemKey": "048f0f33-2bec-4ebb-965f-6668654182bf"
        },
        {
          "inputPort": "input",
          "mapping": "Low",
          "sectionItemKey": "fc89a7ef-1fcb-4b95-8798-117bac6f2b92"
        },
        {
          "inputPort": "input",
          "mapping": "${8e618ca6-5f6b-4be5-a38d-9309557039a3.Not Found}",
          "sectionItemKey": "5ec71df8-4b1c-4842-9a8d-19f0d9f3eaf4"
        },
        {
          "inputPort": "input",
          "mapping": "${8e618ca6-5f6b-4be5-a38d-9309557039a3.Deactivated}",
          "sectionItemKey": "a32f032e-fbfc-48b6-8358-131c11831f9e"
        },
        {
          "inputPort": "input",
          "mapping": "${8e618ca6-5f6b-4be5-a38d-9309557039a3.Already Inactive}",
          "sectionItemKey": "c0e743ed-acad-4e2a-b41c-a68d794b47a4"
        },
        {
          "inputPort": "input",
          "mapping": "${8e618ca6-5f6b-4be5-a38d-9309557039a3.Total Not Found}",
          "sectionItemKey": "07f53542-a565-485f-8c38-22ab1e903e25"
        },
        {
          "inputPort": "input",
          "mapping": "${8e618ca6-5f6b-4be5-a38d-9309557039a3.Total Deactivated}",
          "sectionItemKey": "65fcc620-d851-4115-8d16-e18d93e5e518"
        },
        {
          "inputPort": "input",
          "mapping": "Work Email",
          "sectionItemKey": "81f1651e-09a4-59ea-9393-e7666ae341d8"
        },
        {
          "inputPort": "input",
          "mapping": "${8e618ca6-5f6b-4be5-a38d-9309557039a3.Total Not Processed}",
          "sectionItemKey": "81aafae2-e6de-4c18-b712-d013911e429f"
        },
        {
          "inputPort": "input",
          "mapping": "${8e618ca6-5f6b-4be5-a38d-9309557039a3.Users}",
          "sectionItemKey": "5c6d674e-4ab5-40b4-89ca-47a92745beb9"
        },
        {
          "inputPort": "input",
          "mapping": "${8e618ca6-5f6b-4be5-a38d-9309557039a3.Not Processed}",
          "sectionItemKey": "20802399-9141-4acd-ac7b-cb012ef754f0"
        }
      ]
    },
    {
      "id": "8e618ca6-5f6b-4be5-a38d-9309557039a3",
      "label": "Deactivate Users",
      "environment": "HOSTED",
      "presentation": "{\"w\":60,\"x\":440,\"h\":60,\"y\":190}",
      "step": "16fcdf16-2fd5-4379-b1be-284701a2bcd0",
      "stepType": "SCRIPT_STEP",
      "inputMappings": [
        {
          "inputPort": "input",
          "mapping": "${event.properties.Users}",
          "stepInput": "1b555ca2-fabb-4022-92d2-e51b26700992"
        },
        {
          "inputPort": "input",
          "mapping": "${event.properties.Separator Character}",
          "stepInput": "635650a0-2b03-4747-9d88-4594f8fbc45d"
        },
        {
          "inputPort": "input",
          "mapping": "deactivate",
          "stepInput": "6573a9c1-1827-4770-abc1-e9e4e3a0cfdb"
        }
      ]
    },
    {
      "id": "95483f7e-34b3-400e-9d03-5401723f9673",
      "label": "Deactivate Users kicker - Event Status Updates",
      "environment": "HOSTED",
      "presentation": "{\"w\":60,\"x\":0,\"h\":60,\"y\":40}",
      "step": "f02190d2-95ad-4bc9-9bf5-0d20bda56c97",
      "stepType": "INTEGRATION"
    },
    {
      "id": "ba5742f3-eb22-442e-bc85-85825cdcd935",
      "label": "Switch",
      "environment": "HOSTED",
      "presentation": "{\"w\":60,\"x\":220,\"h\":60,\"y\":55}",
      "stepType": "SWITCH",
      "inputMappings": [
        {
          "inputPort": "input",
          "mapping": "${event.status}"
        }
      ],
      "switchCases": [
        {
          "caseId": "cb3a6595-5509-4ffd-b302-22291c50fe26",
          "caseValue": "ACTIVE"
        }
      ]
    }
  ],
  "edges": [
    {
      "fromBlock": "8e618ca6-5f6b-4be5-a38d-9309557039a3",
      "fromPort": "output",
      "toBlock": "1b8e3fee-05ff-4fa0-ac47-8d0ccfbf2c81",
      "toPort": "input"
    },
    {
      "fromBlock": "95483f7e-34b3-400e-9d03-5401723f9673",
      "fromPort": "output",
      "toBlock": "ba5742f3-eb22-442e-bc85-85825cdcd935",
      "toPort": "input"
    },
    {
      "fromBlock": "ba5742f3-eb22-442e-bc85-85825cdcd935",
      "fromPort": "cb3a6595-5509-4ffd-b302-22291c50fe26",
      "toBlock": "8e618ca6-5f6b-4be5-a38d-9309557039a3",
      "toPort": "input"
    }
  ]
}