{
  "integrations": [
    {
      "id": "85b149a2-c4a2-4938-b926-436e843d5361",
      "name": "Activate Users kicker - Event Status Updates",
      "action": "RUN_SCRIPT",
      "type": "OUTBOUND_WEBHOOK",
      "triggeredBy": "STATUS",
      "deployed": true,
      "form": "ee7e56e2-92b2-4c42-baab-f0056f625f7c",
      "environment": "HOSTED",
      "authType": "NONE",
      "createdBy": "FLOW"
    },
    {
      "id": "f02190d2-95ad-4bc9-9bf5-0d20bda56c97",
      "name": "Deactivate Users kicker - Event Status Updates",
      "action": "RUN_SCRIPT",
      "type": "OUTBOUND_WEBHOOK",
      "triggeredBy": "STATUS",
      "deployed": true,
      "form": "1ff0b1ae-7cdf-407d-a3c6-2e2c3955f5eb",
      "environment": "HOSTED",
      "authType": "NONE",
      "createdBy": "FLOW"
    }
  ],
  "endpoints": [],
  "constants": [
    {
      "name": "maxTime",
      "value": "54",
      "description": "Execution time limit of script in seconds. 54 is a good number."
    }
  ]
}