[
  {
    "id": "16fcdf16-2fd5-4379-b1be-284701a2bcd0",
    "name": "Deactivate Users",
    "description": "Looks for users in xMatters. Deactivates them if found.",
    "icon": "https://s3-xmatters-static.s3.amazonaws.com/null/customers/b1d45caa-e9a4-4422-9702-5aece4f445a0/IMAGE__20200921185549707__no_man.png",
    "script": "var ul = require('userLib');\nvar logMe = true; // custom logging function for numbered logs. Quieten by setting false.\nvar log = ul.makeLogger(\"main\", logMe );\n\n// From form\nvar user_list = input['User List'];\nvar separator = input['Separator'];\n\n// Which mode are we in? See comment line 56-65. Hard-coded into step input on the flow.\nvar operation = input['Operation']; //'deactivate' or 'activate'.\n\nlog(\"[De]activate Users started\");\nlog('User_list is '+ user_list);\nlog(\"Operation is \"+operation+' and separator is '+separator);          \n\n\n// Split users into array based on separator\nif (separator.match(/newline/i))\n    userArr = user_list.split(\"\\n\");\nelse if (separator.match(/comma/i))\n    userArr = user_list.split(\",\");\nelse if (separator.match(/pipe/i))\n    userArr = user_list.split(\"|\");\n\n\nlog(\"User array has \" +userArr.length+' total members');\nvar uniqueUsers = userArr.filter( ul.onlyUnique ); // make unique\nuniqueUsers = uniqueUsers.filter( ul.removeEmpty ); // remove blanks\n\nlog(\"User array has \" +uniqueUsers.length+' unique non-blank members '+JSON.stringify(uniqueUsers));\n\n\nvar names = {\n    users:uniqueUsers,    \n    deactivated:[],\n    not_found:[],\n    already_inactive:[],\n    not_processed:[]\n};\n\nvar count = {\n    users: uniqueUsers.length,    \n    deactivated:0,\n    not_found:0,\n    already_inactive:0,\n    not_processed:0\n};\n\nif (user_list === null || !user_list || !uniqueUsers.length){\n    log('No users, nothing to do. Finished');\n    output['Total Users']=0;\n    output.Users = '++ THERE WERE NO USERS PASSED IN. Nothing to do ++'\n    return;\n}\n\n// -------------------------------------------------------------------------\n// This workflow was originally written to DEACTIVATE users who are active.\n// All property/variable names have that in mind.\n// Later on, there was the inevitable request to make it work the other way round,\n// i.e. activate users who are INACTIVE. That is, of course, basically\n// the same script with desired_status reversed. Desired_status depends on \n// Operation in the step input. Unfortunately, when running in activate mode,\n// our variable names rather confusing. E.g. when we have successfully made a user active, \n// then count.deactivated gets increased. Sorry!\n// -------------------------------------------------------------------------\nvar desired_status;\ndesired_status = (operation=='deactivate'? 'INACTIVE' : 'ACTIVE');\n\n\n// A long list of users could fall foul of xMatters 60 seconds event processing timeout.\n// Should we exceed maxTime, any left over users will be shown in the notProcessed list.\nvar maxTime = parseFloat(constants['maxTime']);\nvar startDate = Date.now(); // ms since epoch\nvar elapsedSecs = 0.00; var secsPerUser;\n \nfor (var i=0; i< uniqueUsers.length; i++)\n{\n    // Calculate timing\n    //ul.sleep(1000); // testing\n    elapsedSecs = ul.getElapsedTime(startDate);\n    secsPerUser = ((elapsedSecs+0)/i).toFixed(2);\n    \n    // Time out\n    if (elapsedSecs > maxTime) \n    {\n        log('Exceeded max time of '+maxTime+' seconds.');\n        log('Processed '+i+' out of '+ uniqueUsers.length +' users in '+elapsedSecs+' secs');\n        log('Remaining '+(uniqueUsers.length-i)+' pushed to not-processed list');\n        for (var j=i; j<uniqueUsers.length; j++){\n            names.not_processed.push(uniqueUsers[j]);\n            count.not_processed++;\n        }\n        break;\n    }\n    \n    let userId = uniqueUsers[i];\n    log('Loop '+(i+1)+' of '+uniqueUsers.length+' checking '+userId+'. Time '+elapsedSecs+' secs');\n    \n    let usr = ul.getXmUser(userId);\n\n    if (!usr) {\n        names.not_found.push(userId);\n        count.not_found++;\n        continue;\n    }\n    \n    log('Found '+userId+' in xMatters');\n    \n    if (usr.status==desired_status){\n        names.already_inactive.push(userId);\n        count.already_inactive++;\n        continue;\n    }\n    \n    let usrId = usr.id;\n    // Attempt to deactivate\n    let ok = ul.changeUserStatus(usrId, desired_status );\n    \n    if (ok) {\n        names.deactivated.push(userId);\n        count.deactivated++;\n        continue;\n    }\n    \n    else {\n        names.not_processed.push(userId);\n        count.not_processed++;\n    }\n    \n\n\n    \n}// for\n\nlog('Processed '+i+' out of '+ uniqueUsers.length +' users in '+elapsedSecs+' secs. Rate '+secsPerUser+' secs per user');\n      \noutput['Users'] = names.users.join(',');\noutput['Total Users'] = count.users;\noutput['Already Inactive'] = names.already_inactive.join(',');\noutput['Total Already Inactive'] = count.already_inactive\noutput['Deactivated'] = names.deactivated.join(',');\noutput['Total Deactivated'] = count.deactivated;\noutput['Not Found'] = names.not_found.join(',');\noutput['Total Not Found'] = count.not_found;\noutput['Not Processed'] = names.not_processed.join(',');\noutput['Total Not Processed'] = count.not_processed;\n\nlog('Finished');\n",
    "endpointAuthType": "XMATTERS",
    "endpointLabel": "xMatters",
    "allowedEnvironment": "HOSTED",
    "accessibleByAll": "NotShared",
    "scriptStepType": "USER",
    "inputs": [
      {
        "id": "1b555ca2-fabb-4022-92d2-e51b26700992",
        "name": "User List",
        "helpText": "List of users",
        "defaultValue": "",
        "multiline": false,
        "required": false,
        "validationRegex": "",
        "maxLength": 20000,
        "minLength": 0,
        "position": 0
      },
      {
        "id": "635650a0-2b03-4747-9d88-4594f8fbc45d",
        "name": "Separator",
        "helpText": "Separator character for User List",
        "defaultValue": "\\n",
        "multiline": false,
        "required": false,
        "validationRegex": "",
        "maxLength": 8,
        "minLength": 0,
        "position": 1
      },
      {
        "id": "6573a9c1-1827-4770-abc1-e9e4e3a0cfdb",
        "name": "Operation",
        "helpText": "Activate or Deactivate",
        "defaultValue": "deactivate",
        "multiline": false,
        "required": false,
        "validationRegex": "",
        "maxLength": 2000,
        "minLength": 0,
        "position": 2
      }
    ],
    "outputs": [
      {
        "id": "bbe8a743-11fd-4c19-9cae-d75a5170800d",
        "name": "Total Users",
        "description": "",
        "position": 0
      },
      {
        "id": "523f2645-95c1-488c-9014-a91f88c7e625",
        "name": "Users",
        "description": "",
        "position": 1
      },
      {
        "id": "87a8f962-d995-4fcf-a42b-ec50815c5eb2",
        "name": "Already Inactive",
        "description": "",
        "position": 2
      },
      {
        "id": "e872ae9d-c1d2-4a69-9b7e-c023f36b0b7a",
        "name": "Total Already Inactive",
        "description": "",
        "position": 3
      },
      {
        "id": "a4166c0e-2d4f-4935-a8d1-8172452dfc59",
        "name": "Deactivated",
        "description": "",
        "position": 4
      },
      {
        "id": "09eb7500-98f9-4d1c-a67b-ec85a57b6817",
        "name": "Total Deactivated",
        "description": "",
        "position": 5
      },
      {
        "id": "db549b67-585f-4823-bcf7-113d8119e64f",
        "name": "Not Found",
        "description": "",
        "position": 6
      },
      {
        "id": "e09a140c-5a4c-43e1-aa99-3161e95e9b9f",
        "name": "Total Not Found",
        "description": "",
        "position": 7
      },
      {
        "id": "2a49a369-d272-45df-baaf-273b1268ab46",
        "name": "Not Processed",
        "description": "",
        "position": 8
      },
      {
        "id": "8c9822f6-902c-4cb4-b508-a072f1547a02",
        "name": "Total Not Processed",
        "description": "",
        "position": 9
      }
    ],
    "libraries": [
      {
        "id": "e41a9e6f-c65a-4199-bc2f-8b0849e2fe02",
        "referenceName": "userLib",
        "library": {
          "id": "9a4f6282-29ff-4641-b7be-1b4be7c993df",
          "name": "userLib",
          "script": "/* userLib\n * by Richard Selby \n * September 2020 \n * \n *  getXmUser()          -- line 27\n *  changeUserStatus()   -- line 65\n *  makeLogger()         -- line 111\n *  wildcardToRegExp()   -- line 129 (not used)\n *  regExpEscape()       -- line 139 (not used)\n *  onlyUnique()         -- line 151\n *  removeEmpty()        -- line 161\n *  getElapsedTime()     -- line 172\n *  sleep()              -- line 186\n */\nvar logMe=true; // set to false for fewer logs\nvar log = makeLogger('userLib', logMe);\n\n\n \n/* getXmuser()\n * Query local xMatters for a user\n * param: User ID\n * return false if not found, otherwise the json body of API call\n */\nexports.getXmUser = getXmUser;\nfunction getXmUser (personName) {\n    \n    var searchPath = '/api/xm/1/people/' + personName;\n    //log( \"getXmUser - searchPath is \" + searchPath );\n    \n    // Prepare the HTTP request.\n    var request = http.request( {\n        'endpoint': 'xMatters',\n        'method': 'GET',\n        'path': searchPath,\n        'headers': {'Content-Type': 'application/json' }\n    } );\n\n    var response = request.write( );\n    //log( \"getXmUser - response is [\" + JSON.stringify( response ) + \"]\" );\n\n    // Parse out the group object, we want the first object\n    var status = response.statusCode;\n    if (status == 200 ) {\n      json = JSON.parse(response.body);\n      log(\"getXmUser - Retrieved \" + json.targetName + \". Id = \" + json.id);\n      \n    }    \n    else {\n      log(\"getXmUser - \" + personName + \" not found\" );\n      return false;\n    }\n    \n    return json;\n}\n\n\n/* changeUserStatus(userId, desired_status)\n * Update a user's status in xMatters\n * param userId in xMatters\n * param desired_status: either ACTIVE or INACTIVE\n * Return: boolean\n */\nexports.changeUserStatus = changeUserStatus;\nfunction changeUserStatus(userId, desired_status) {\n    \n    log('changeUserStatus - Setting '+userId +' to '+ desired_status);\n    \n    var path = '/api/xm/1/people/';// + userId;\n    //log( \"changeUserStatus - path is \" + path );\n    \n    // Prepare the HTTP request.\n    var request = http.request( {\n        'endpoint': 'xMatters',\n        'method': 'POST',\n        'path': path,\n        'headers': {\"Content-Type\": \"application/json\" }\n    } );\n\n    var data = {\n        id: userId,\n        status: desired_status\n    };\n    \n    var response = request.write( data );\n    log( \"changeUserStatus - response is \" + JSON.stringify( response )  );\n\n    var status = response.statusCode;\n    \n    \n    if( status != 200 ) {\n        log('changeUserStatus - Nocando');\n        return false;\n\n    }\n    \n    log('changeUserStatus - done');\n    return true;\n}\n\n\n/* makeLogger()\n * Returns a logging function. \n * Usage:\n      var logMe = true;\n      var log = makeLogger(\"XYZ\", logMe ); \n      log(\"Hello World\");          // => XYZ 1: Hello World\n      log(\"Bye bye cruel world\");  // => XYZ 2: By bye cruel World\n */\nexports.makeLogger = makeLogger;\nfunction makeLogger(prefix, logMe) {\n    var i=1;\n    var logger = function(msg){\n        if (logMe) {\n            console.log(prefix + \" \"+ i+\": \"+ msg);\n            i++;\n        }\n    };\n    return logger;\n}\n\n\n\n/* wildcardToRegExp()\n * Creates a RegExp from the given string, converting asterisks to .* expressions,\n * and escaping all other characters.\n */\nexports.wildcardToRegExp = wildcardToRegExp;\nfunction wildcardToRegExp (s) {\n  return new RegExp('^' + s.split(/\\*+/).map(regExpEscape).join('.*') + '$','i');\n}\n\n\n/* regExpEscape()\n * RegExp-escapes all characters in the given string.\n * param: string, e.g abc*\n * returns: string suitable for using in in a regex\n */\nfunction regExpEscape (s) {\n  return s.replace(/[|\\\\{}()[\\]^$+*?.]/g, '\\\\$&');\n}\n\n\n/* justUnique(value, index, self)\n * From https://stackoverflow.com/questions/1960473/\n * Example:\n *   var a = ['a', 1, 'a', 2, '1'];\n *   var unique = a.filter( onlyUnique ); // returns ['a', 1, 2, '1']\n */ \nexports.onlyUnique = onlyUnique;\nfunction onlyUnique(value, index, self) { \n    return self.indexOf(value) === index;\n}\n\n/* removeEmpty()\n * Example:\n * var a = ['one','','two','','three'];\n * var noBlanks = a.filter(removeEmpty); // returns ['one','two','three']\n */\nexports.removeEmpty = removeEmpty;\nfunction removeEmpty(value) { \n    if (value) \n        return value;\n}\n\n\n/* getElapsedTime()\n * Returns elapsed time from startDate in seconds, to 2 dec places, as a string. \n * startDate is ms since epoch\n */\nexports.getElapsedTime = getElapsedTime;\nfunction getElapsedTime(startDate)\n{\n    var nowDate = Date.now();\n    elapsedSecs = ((nowDate - startDate)/1000).toFixed(2);    \n    return elapsedSecs;\n}\n\n\n/* sleep() \n * Evil blocking sleep call\n * Pass in milliseconds to sleep for.\n * Always returns true.\n */ \nexports.sleep= sleep;\nfunction sleep(milliseconds)  {\n    log('Zzzzz for ' + (milliseconds/1000) +' secs');\n    const date = Date.now();\n    let currentDate = null; \n    do {\n        currentDate = Date.now();\n    } while (currentDate - date < milliseconds);\n    return;\n}\n",
          "accessibleByAll": "NotShared"
        }
      }
    ]
  }
]