[
  {
    "baseType": 3,
    "name": "Already Inactive",
    "defaultValue": "",
    "description": "Users who were already inactive",
    "helpText": "",
    "isSystem": false,
    "minLength": 0,
    "maxLength": 20000,
    "validationRegex": "",
    "isValidate": false,
    "uuid": "c0e743ed-acad-4e2a-b41c-a68d794b47a4"
  },
  {
    "baseType": 3,
    "name": "Deactived",
    "defaultValue": "",
    "description": "Users successfully deactivated",
    "helpText": "",
    "isSystem": false,
    "minLength": 0,
    "maxLength": 20000,
    "validationRegex": "",
    "isValidate": false,
    "uuid": "a32f032e-fbfc-48b6-8358-131c11831f9e"
  },
  {
    "baseType": 3,
    "name": "Not Found",
    "defaultValue": "",
    "description": "Users who were not in xMatters",
    "helpText": "",
    "isSystem": false,
    "minLength": 0,
    "maxLength": 20000,
    "validationRegex": "",
    "isValidate": false,
    "uuid": "5ec71df8-4b1c-4842-9a8d-19f0d9f3eaf4"
  },
  {
    "baseType": 3,
    "name": "Not Processed",
    "defaultValue": "",
    "description": "Users not processed due to timeout",
    "helpText": "",
    "isSystem": false,
    "minLength": 0,
    "maxLength": 20000,
    "validationRegex": "",
    "isValidate": false,
    "uuid": "20802399-9141-4acd-ac7b-cb012ef754f0"
  },
  {
    "baseType": 21,
    "name": "Separator Character",
    "description": "",
    "helpText": "More than one user? Split up user list with this character",
    "isSystem": false,
    "values": [
      {
        "value": "Newline",
        "isDefault": true,
        "isVisible": true
      },
      {
        "value": "Comma",
        "isDefault": false,
        "isVisible": true
      },
      {
        "value": "Pipe",
        "isDefault": false,
        "isVisible": true
      }
    ],
    "uuid": "6d96455c-c6f2-4682-9c7b-b63445c00f39"
  },
  {
    "baseType": 1,
    "name": "Total Already Inactive",
    "description": "",
    "helpText": "",
    "isSystem": false,
    "minValue": "",
    "maxValue": "",
    "units": "",
    "uuid": "509c6e3b-fc59-49da-bd14-ed6228a6db7e"
  },
  {
    "baseType": 1,
    "name": "Total Deactivated",
    "description": "",
    "helpText": "",
    "isSystem": false,
    "minValue": "",
    "maxValue": "",
    "units": "",
    "uuid": "65fcc620-d851-4115-8d16-e18d93e5e518"
  },
  {
    "baseType": 1,
    "name": "Total Not Found",
    "description": "",
    "helpText": "",
    "isSystem": false,
    "minValue": "",
    "maxValue": "",
    "units": "",
    "uuid": "07f53542-a565-485f-8c38-22ab1e903e25"
  },
  {
    "baseType": 1,
    "name": "Total Not Processed",
    "description": "",
    "helpText": "",
    "isSystem": false,
    "minValue": "",
    "maxValue": "",
    "units": "",
    "uuid": "81aafae2-e6de-4c18-b712-d013911e429f"
  },
  {
    "baseType": 1,
    "name": "Total Users",
    "description": "",
    "helpText": "",
    "isSystem": false,
    "minValue": "",
    "maxValue": "",
    "units": "",
    "uuid": "b9318976-4ed6-4afe-9224-d66e0316bc02"
  },
  {
    "baseType": 3,
    "name": "Users",
    "defaultValue": "",
    "description": "List of users you wish to deactivate. ",
    "helpText": "Who do you want to [de]activate? Paste in their User IDs here.",
    "isSystem": false,
    "minLength": 0,
    "maxLength": 20000,
    "validationRegex": "",
    "isValidate": false,
    "uuid": "5c6d674e-4ab5-40b4-89ca-47a92745beb9"
  }
]